LapNumber,TyreLife,Position,LapsRemaining,RaceProgress,AvgPaceLast5,DegradationRate,PitNextLap
2.0,2.0,14.0,55.0,0.03508771929824561,99.821,0.0,0
3.0,3.0,13.0,54.0,0.05263157894736842,99.25999999999999,-0.5609999999999928,0
4.0,4.0,13.0,53.0,0.07017543859649122,99.19200000000001,-0.1360000000000099,0
5.0,5.0,13.0,52.0,0.08771929824561403,99.20824999999999,0.048750000000012506,0
6.0,6.0,13.0,51.0,0.10526315789473684,99.2192,0.0438000000000045,0
7.0,7.0,13.0,50.0,0.12280701754385964,99.16799999999999,0.39700000000000557,0
8.0,8.0,12.0,49.0,0.14035087719298245,99.4118,0.5062000000000069,0
9.0,9.0,11.0,48.0,0.15789473684210525,99.54760000000002,0.18739999999998247,0
10.0,10.0,11.0,47.0,0.17543859649122806,99.714,0.375,0
11.0,11.0,8.0,46.0,0.19298245614035087,99.83,0.01300000000000523,0
12.0,12.0,7.0,45.0,0.21052631578947367,99.905,0.03499999999999659,0
13.0,13.0,6.0,44.0,0.22807017543859648,99.9502,0.1938000000000102,0
14.0,14.0,4.0,43.0,0.24561403508771928,100.0684,0.2575999999999965,0
15.0,15.0,5.0,42.0,0.2631578947368421,100.2148,0.6062000000000012,1
18.0,2.0,16.0,39.0,0.3157894736842105,99.68800000000002,-2.4790000000000134,0
19.0,3.0,16.0,38.0,0.3333333333333333,99.34179999999999,-1.132799999999989,0
20.0,4.0,15.0,37.0,0.3508771929824561,98.84759999999999,-1.1745999999999839,0
21.0,5.0,15.0,36.0,0.3684210526315789,98.3918,-0.34480000000000643,0
22.0,6.0,15.0,35.0,0.38596491228070173,97.92240000000001,0.5515999999999934,0
23.0,7.0,14.0,34.0,0.40350877192982454,98.0574,-0.1734000000000009,0
24.0,8.0,14.0,33.0,0.42105263157894735,98.0202,0.0027999999999934744,0
25.0,9.0,14.0,32.0,0.43859649122807015,98.20379999999999,0.3872000000000071,0
26.0,10.0,14.0,31.0,0.45614035087719296,98.33399999999999,0.3640000000000043,0
27.0,11.0,13.0,30.0,0.47368421052631576,98.3806,0.3263999999999925,0
28.0,12.0,11.0,29.0,0.49122807017543857,98.5698,0.26019999999999754,0
29.0,13.0,8.0,28.0,0.5087719298245614,98.59479999999999,-0.4467999999999961,0
30.0,14.0,8.0,27.0,0.5263157894736842,98.7094,0.4545999999999992,0
31.0,15.0,8.0,26.0,0.543859649122807,98.926,0.855000000000004,1
36.0,4.0,12.0,21.0,0.631578947368421,98.99820000000001,0.06979999999998654,0
37.0,5.0,12.0,20.0,0.6491228070175439,98.75519999999999,-1.140199999999993,0
38.0,6.0,12.0,19.0,0.6666666666666666,98.69980000000001,-0.8288000000000153,0
39.0,7.0,13.0,18.0,0.6842105263157895,98.641,0.2289999999999992,0
40.0,8.0,13.0,17.0,0.7017543859649122,98.21099999999998,-0.5799999999999841,0
41.0,9.0,13.0,16.0,0.7192982456140351,97.8982,-0.3941999999999979,0
42.0,10.0,13.0,15.0,0.7368421052631579,97.9156,-0.21359999999999957,0
43.0,11.0,13.0,14.0,0.7543859649122807,97.87480000000001,-0.20780000000000598,0
44.0,12.0,13.0,13.0,0.7719298245614035,97.6302,0.01680000000000348,0
45.0,13.0,13.0,12.0,0.7894736842105263,97.64320000000001,0.05279999999999063,0
46.0,14.0,13.0,11.0,0.8070175438596491,97.809,0.5240000000000009,0
47.0,15.0,12.0,10.0,0.8245614035087719,97.69680000000001,-0.555800000000005,0
48.0,16.0,12.0,9.0,0.8421052631578947,97.6722,-0.12820000000000675,0
49.0,17.0,12.0,8.0,0.8596491228070176,97.6682,-0.041200000000003456,0
50.0,18.0,12.0,7.0,0.8771929824561403,97.70160000000001,0.16139999999998622,0
51.0,19.0,12.0,6.0,0.8947368421052632,97.59700000000001,0.21299999999999386,0
52.0,20.0,12.0,5.0,0.9122807017543859,97.885,0.695999999999998,0
53.0,21.0,12.0,4.0,0.9298245614035088,98.0616,0.36540000000000816,0
54.0,22.0,12.0,3.0,0.9473684210526315,98.25900000000001,0.35499999999998977,0
55.0,23.0,12.0,2.0,0.9649122807017544,98.4496,0.3663999999999987,0
56.0,24.0,12.0,1.0,0.9824561403508771,98.7316,0.4883999999999986,0
57.0,25.0,12.0,0.0,1.0,98.94820000000001,0.7157999999999873,0
2.0,2.0,13.0,55.0,0.03508771929824561,100.514,0.0,0
3.0,3.0,14.0,54.0,0.05263157894736842,100.2655,-0.24850000000000705,0
4.0,4.0,14.0,53.0,0.07017543859649122,99.94966666666666,-0.6316666666666606,0
5.0,5.0,15.0,52.0,0.08771929824561403,100.101,0.45400000000000773,0
6.0,6.0,15.0,51.0,0.10526315789473684,99.9986,-0.4095999999999975,0
7.0,7.0,15.0,50.0,0.12280701754385964,99.8796,0.039400000000000546,0
8.0,8.0,15.0,49.0,0.14035087719298245,99.9152,0.2797999999999945,0
9.0,9.0,14.0,48.0,0.15789473684210525,100.0984,0.1355999999999966,0
10.0,10.0,13.0,47.0,0.17543859649122806,100.0612,0.3078000000000003,0
11.0,11.0,10.0,46.0,0.19298245614035087,100.14559999999999,-0.13459999999999184,0
12.0,12.0,9.0,45.0,0.21052631578947367,100.1566,-0.18259999999999366,0
13.0,13.0,8.0,44.0,0.22807017543859648,100.0678,-0.31680000000000064,0
14.0,14.0,8.0,43.0,0.24561403508771928,100.14720000000001,0.483799999999988,0
15.0,15.0,7.0,42.0,0.2631578947368421,100.1656,0.2954000000000008,1
18.0,2.0,18.0,39.0,0.3157894736842105,99.7912,-1.6522000000000077,0
19.0,3.0,17.0,38.0,0.3333333333333333,99.3874,-1.4324000000000012,0
20.0,4.0,17.0,37.0,0.3508771929824561,99.132,-0.6580000000000013,0
21.0,5.0,17.0,36.0,0.3684210526315789,98.806,0.1950000000000074,0
22.0,6.0,17.0,35.0,0.38596491228070173,98.4236,0.12540000000001328,0
23.0,7.0,17.0,34.0,0.40350877192982454,98.4974,0.010599999999996612,0
24.0,8.0,17.0,33.0,0.42105263157894735,98.65820000000001,0.10079999999999245,0
25.0,9.0,17.0,32.0,0.43859649122807015,98.80319999999999,0.39580000000000837,0
26.0,10.0,16.0,31.0,0.45614035087719296,98.6652,-0.35419999999999163,0
27.0,11.0,15.0,30.0,0.47368421052631576,98.69120000000001,-0.012200000000007094,0
28.0,12.0,12.0,29.0,0.49122807017543857,98.769,0.1280000000000001,0
29.0,13.0,11.0,28.0,0.5087719298245614,98.7576,-0.05559999999999832,0
30.0,14.0,11.0,27.0,0.5263157894736842,98.6132,-0.13620000000000232,0
31.0,15.0,13.0,26.0,0.543859649122807,98.9872,1.193799999999996,1
37.0,5.0,18.0,20.0,0.6491228070175439,98.98060000000001,-0.3346000000000089,0
38.0,6.0,18.0,19.0,0.6666666666666666,98.7824,-0.8763999999999896,0
39.0,7.0,18.0,18.0,0.6842105263157895,98.7202,-0.32920000000000016,0
40.0,8.0,18.0,17.0,0.7017543859649122,98.70240000000001,-0.31440000000000623,0
41.0,9.0,18.0,16.0,0.7192982456140351,98.37219999999999,0.15780000000000882,0
42.0,10.0,18.0,15.0,0.7368421052631579,98.37960000000001,0.30339999999999634,0
43.0,11.0,18.0,14.0,0.7543859649122807,98.5932,0.3808000000000078,0
44.0,12.0,17.0,13.0,0.7719298245614035,98.5686,-0.30060000000000286,0
45.0,13.0,17.0,12.0,0.7894736842105263,98.57520000000001,-0.154200000000003,0
46.0,14.0,17.0,11.0,0.8070175438596491,98.47319999999999,-0.4531999999999954,0
47.0,15.0,17.0,10.0,0.8245614035087719,98.3602,-0.24220000000001107,0
48.0,16.0,17.0,9.0,0.8421052631578947,98.23119999999999,0.09780000000000655,0
49.0,17.0,17.0,8.0,0.8596491228070176,98.286,0.2560000000000002,0
50.0,18.0,17.0,7.0,0.8771929824561403,98.225,-0.10899999999999466,0
51.0,19.0,17.0,6.0,0.8947368421052632,98.2684,-0.03140000000000498,0
52.0,20.0,17.0,5.0,0.9122807017543859,98.36679999999998,0.24320000000001585,0
53.0,21.0,17.0,4.0,0.9298245614035088,98.4212,0.17980000000000018,0
54.0,22.0,17.0,3.0,0.9473684210526315,98.40119999999999,0.04080000000000439,0
55.0,23.0,17.0,2.0,0.9649122807017544,98.5068,0.1372000000000071,0
56.0,24.0,17.0,1.0,0.9824561403508771,98.723,0.5949999999999989,0
57.0,25.0,17.0,0.0,1.0,98.751,-0.0010000000000047748,0
2.0,5.0,7.0,55.0,0.03508771929824561,98.187,0.0,0
3.0,6.0,7.0,54.0,0.05263157894736842,98.307,0.12000000000000455,0
4.0,7.0,7.0,53.0,0.07017543859649122,98.39266666666667,0.17133333333332246,0
5.0,8.0,6.0,52.0,0.08771929824561403,98.4245,0.09550000000000125,0
6.0,9.0,6.0,51.0,0.10526315789473684,98.4664,0.1676000000000073,0
7.0,10.0,6.0,50.0,0.12280701754385964,98.60999999999999,0.2950000000000159,0
9.0,12.0,6.0,48.0,0.15789473684210525,98.85379999999999,0.7922000000000082,0
11.0,14.0,4.0,46.0,0.19298245614035087,99.0744,0.5926000000000045,1
14.0,2.0,13.0,43.0,0.24561403508771928,98.9168,-1.1847999999999956,0
15.0,3.0,11.0,42.0,0.2631578947368421,98.8694,-0.47239999999999327,0
16.0,4.0,10.0,41.0,0.2807017543859649,98.90220000000001,0.16679999999999495,0
17.0,5.0,9.0,40.0,0.2982456140350877,98.76140000000001,0.1805999999999841,0
18.0,6.0,8.0,39.0,0.3157894736842105,98.501,-0.1360000000000099,0
19.0,7.0,8.0,38.0,0.3333333333333333,98.6208,-0.2897999999999996,0
20.0,8.0,7.0,37.0,0.3508771929824561,98.7204,0.1745999999999981,0
21.0,9.0,7.0,36.0,0.3684210526315789,98.6426,0.03740000000000521,0
22.0,10.0,7.0,35.0,0.38596491228070173,98.6336,0.2634000000000043,0
23.0,11.0,7.0,34.0,0.40350877192982454,98.7094,0.03459999999999752,0
24.0,12.0,7.0,33.0,0.42105263157894735,98.77159999999999,-0.12959999999999638,0
25.0,13.0,8.0,32.0,0.43859649122807015,98.9384,0.7905999999999977,0
26.0,14.0,8.0,31.0,0.45614035087719296,99.041,0.15200000000000102,1
29.0,5.0,13.0,28.0,0.5087719298245614,98.5996,-1.9095999999999975,0
30.0,6.0,13.0,27.0,0.5263157894736842,98.1888,-1.4988000000000028,0
31.0,7.0,12.0,26.0,0.543859649122807,97.9666,-0.43559999999999377,1
37.0,8.0,14.0,20.0,0.6491228070175439,97.5642,0.15279999999999916,0
38.0,9.0,13.0,19.0,0.6666666666666666,97.1226,-0.13760000000000616,0
39.0,10.0,12.0,18.0,0.6842105263157895,97.3,0.277000000000001,0
40.0,11.0,12.0,17.0,0.7017543859649122,97.41659999999999,-0.14359999999999218,0
41.0,12.0,12.0,16.0,0.7192982456140351,97.4272,0.15680000000000405,0
42.0,13.0,12.0,15.0,0.7368421052631579,97.4232,0.2738000000000085,0
43.0,14.0,12.0,14.0,0.7543859649122807,97.5494,0.066599999999994,0
44.0,15.0,12.0,13.0,0.7719298245614035,97.6172,0.29879999999999995,0
45.0,16.0,12.0,12.0,0.7894736842105263,97.728,0.09900000000000375,0
46.0,17.0,11.0,11.0,0.8070175438596491,97.75880000000001,-0.020800000000008367,0
47.0,18.0,11.0,10.0,0.8245614035087719,97.7568,-0.06980000000000075,0
48.0,19.0,11.0,9.0,0.8421052631578947,97.73119999999999,-0.24319999999998743,0
49.0,20.0,11.0,8.0,0.8596491228070176,97.67099999999999,-0.055999999999997385,0
50.0,21.0,11.0,7.0,0.8771929824561403,97.6536,0.08639999999999759,0
51.0,22.0,11.0,6.0,0.8947368421052632,97.7102,0.3108000000000004,0
52.0,23.0,11.0,5.0,0.9122807017543859,97.9048,0.7552000000000021,0
53.0,24.0,11.0,4.0,0.9298245614035088,98.09039999999999,0.32560000000000855,0
54.0,25.0,11.0,3.0,0.9473684210526315,98.3098,0.40220000000000766,0
55.0,26.0,11.0,2.0,0.9649122807017544,98.5356,0.3333999999999975,0
56.0,27.0,11.0,1.0,0.9824561403508771,98.7444,0.3205999999999989,0
57.0,28.0,11.0,0.0,1.0,98.9216,0.6244000000000085,0
2.0,2.0,15.0,55.0,0.03508771929824561,100.265,0.0,0
3.0,3.0,15.0,54.0,0.05263157894736842,99.9255,-0.339500000000001,0
4.0,4.0,15.0,53.0,0.07017543859649122,99.70433333333334,-0.44233333333333746,0
5.0,5.0,14.0,52.0,0.08771929824561403,99.58975,-0.34375,0
6.0,6.0,14.0,51.0,0.10526315789473684,99.5324,-0.22939999999999827,0
7.0,7.0,14.0,50.0,0.12280701754385964,99.3808,0.12620000000001141,0
8.0,8.0,14.0,49.0,0.14035087719298245,99.4034,0.2955999999999932,0
9.0,9.0,13.0,48.0,0.15789473684210525,99.6078,0.6762000000000086,0
10.0,10.0,12.0,47.0,0.17543859649122806,99.7264,0.11260000000000048,0
11.0,11.0,9.0,46.0,0.19298245614035087,99.824,-0.03300000000000125,0
12.0,12.0,8.0,45.0,0.21052631578947367,99.8926,-0.0426000000000073,0
13.0,13.0,7.0,44.0,0.22807017543859648,99.973,0.1280000000000001,1
16.0,2.0,17.0,41.0,0.2807017543859649,99.5966,-1.194599999999994,0
17.0,3.0,14.0,40.0,0.2982456140350877,99.12480000000001,-1.6448000000000036,0
18.0,4.0,14.0,39.0,0.3157894736842105,98.7732,-0.7402000000000015,0
19.0,5.0,14.0,38.0,0.3333333333333333,98.5064,0.009600000000006048,0
20.0,6.0,14.0,37.0,0.3508771929824561,98.2114,0.4146000000000072,0
21.0,7.0,13.0,36.0,0.3684210526315789,98.2582,0.3777999999999935,0
22.0,8.0,13.0,35.0,0.38596491228070173,98.47540000000001,0.0905999999999949,0
23.0,9.0,13.0,34.0,0.40350877192982454,98.56980000000001,-0.06480000000001951,0
24.0,10.0,13.0,33.0,0.42105263157894735,98.6046,0.08539999999999281,0
25.0,11.0,13.0,32.0,0.43859649122807015,98.6728,0.29420000000000357,0
26.0,12.0,13.0,31.0,0.45614035087719296,98.6996,0.07039999999999225,0
27.0,13.0,12.0,30.0,0.47368421052631576,98.818,0.3400000000000034,0
28.0,14.0,10.0,29.0,0.49122807017543857,98.9208,0.09820000000000562,0
29.0,15.0,9.0,28.0,0.5087719298245614,99.22959999999999,1.004400000000004,0
30.0,16.0,9.0,27.0,0.5263157894736842,99.284,-0.045000000000001705,0
31.0,17.0,9.0,26.0,0.543859649122807,99.3976,-0.059600000000003206,1
36.0,4.0,11.0,21.0,0.631578947368421,99.2248,-0.930800000000005,0
37.0,5.0,11.0,20.0,0.6491228070175439,98.9688,-1.2297999999999973,0
38.0,6.0,11.0,19.0,0.6666666666666666,98.5836,-0.2755999999999972,0
39.0,7.0,11.0,18.0,0.6842105263157895,98.31739999999999,-0.4093999999999909,0
40.0,8.0,11.0,17.0,0.7017543859649122,97.91040000000001,-0.6074000000000126,0
41.0,9.0,11.0,16.0,0.7192982456140351,97.7932,-0.08520000000000039,0
42.0,10.0,11.0,15.0,0.7368421052631579,97.74719999999999,-0.23819999999999197,0
43.0,11.0,11.0,14.0,0.7543859649122807,97.6426,0.14239999999999498,0
44.0,12.0,11.0,13.0,0.7719298245614035,97.6316,0.2213999999999885,0
45.0,13.0,11.0,12.0,0.7894736842105263,97.7444,0.1226000000000056,0
46.0,14.0,10.0,11.0,0.8070175438596491,97.69860000000001,-0.219600000000014,0
47.0,15.0,10.0,10.0,0.8245614035087719,97.7112,-0.13920000000000243,0
48.0,16.0,10.0,9.0,0.8421052631578947,97.6854,-0.02939999999999543,0
49.0,17.0,10.0,8.0,0.8596491228070176,97.653,0.0379999999999967,0
50.0,18.0,10.0,7.0,0.8771929824561403,97.61460000000001,0.06039999999998713,0
51.0,19.0,10.0,6.0,0.8947368421052632,97.7866,0.5523999999999916,0
53.0,21.0,10.0,4.0,0.9298245614035088,97.9566,0.4654000000000025,0
55.0,23.0,10.0,2.0,0.9649122807017544,98.19379999999998,0.648200000000017,0
56.0,24.0,10.0,1.0,0.9824561403508771,98.45739999999999,0.5516000000000076,0
57.0,25.0,10.0,0.0,1.0,98.86319999999999,0.8408000000000015,0
2.0,2.0,19.0,55.0,0.03508771929824561,100.45,0.0,0
3.0,3.0,19.0,54.0,0.05263157894736842,100.17500000000001,-0.2750000000000057,0
4.0,4.0,19.0,53.0,0.07017543859649122,100.14299999999999,-0.06399999999999295,0
5.0,5.0,19.0,52.0,0.08771929824561403,100.28875,0.4372500000000059,0
6.0,6.0,19.0,51.0,0.10526315789473684,100.2216,-0.2685999999999922,0
7.0,7.0,18.0,50.0,0.12280701754385964,100.086,-0.31399999999999295,0
8.0,8.0,18.0,49.0,0.14035087719298245,100.1322,-0.0011999999999972033,0
9.0,9.0,17.0,48.0,0.15789473684210525,100.1814,0.1436000000000064,0
10.0,10.0,16.0,47.0,0.17543859649122806,100.0986,0.21339999999999293,0
11.0,11.0,13.0,46.0,0.19298245614035087,100.1576,0.09040000000000248,0
12.0,12.0,12.0,45.0,0.21052631578947367,100.38380000000001,0.5191999999999979,1
15.0,2.0,20.0,42.0,0.2631578947368421,100.2086,-0.9536000000000087,0
16.0,3.0,20.0,41.0,0.2807017543859649,99.8348,-1.3787999999999982,0
17.0,4.0,20.0,40.0,0.2982456140350877,99.62480000000001,-0.3628000000000071,0
18.0,5.0,20.0,39.0,0.3157894736842105,99.4282,-0.16320000000000334,0
19.0,6.0,20.0,38.0,0.3333333333333333,99.03819999999999,-0.08519999999998618,0
20.0,7.0,20.0,37.0,0.3508771929824561,98.94,-0.17600000000000193,0
21.0,8.0,20.0,36.0,0.3684210526315789,99.11280000000001,0.20719999999998606,0
22.0,9.0,20.0,35.0,0.38596491228070173,99.09380000000002,0.07319999999998572,0
23.0,10.0,20.0,34.0,0.40350877192982454,99.09119999999999,0.16080000000000894,0
24.0,11.0,20.0,33.0,0.42105263157894735,99.25800000000001,0.5289999999999964,0
25.0,12.0,20.0,32.0,0.43859649122807015,99.3768,-0.018799999999998818,0
26.0,13.0,20.0,31.0,0.45614035087719296,99.4658,0.299199999999999,0
27.0,14.0,20.0,30.0,0.47368421052631576,99.6962,0.622799999999998,0
28.0,15.0,19.0,29.0,0.49122807017543857,99.81980000000001,0.050199999999989586,0
29.0,16.0,18.0,28.0,0.5087719298245614,99.833,0.01999999999999602,0
30.0,17.0,18.0,27.0,0.5263157894736842,99.9374,-0.05740000000000123,0
31.0,18.0,18.0,26.0,0.543859649122807,99.9702,-0.041200000000003456,1
36.0,4.0,20.0,21.0,0.631578947368421,99.996,0.4519999999999982,0
37.0,5.0,20.0,20.0,0.6491228070175439,99.76219999999999,-1.0611999999999995,0
38.0,6.0,20.0,19.0,0.6666666666666666,99.3928,-1.3867999999999938,0
39.0,7.0,20.0,18.0,0.6842105263157895,99.1034,-0.6703999999999866,0
40.0,8.0,20.0,17.0,0.7017543859649122,98.7798,-0.46879999999998745,0
41.0,9.0,20.0,16.0,0.7192982456140351,98.4418,0.31619999999999493,0
42.0,10.0,20.0,15.0,0.7368421052631579,98.39959999999999,0.09040000000000248,0
43.0,11.0,20.0,14.0,0.7543859649122807,98.5822,0.33679999999999666,0
44.0,12.0,19.0,13.0,0.7719298245614035,98.9374,1.2716000000000065,0
45.0,13.0,19.0,12.0,0.7894736842105263,98.986,-0.43200000000000216,0
46.0,14.0,19.0,11.0,0.8070175438596491,98.8646,-0.7135999999999996,0
47.0,15.0,19.0,10.0,0.8245614035087719,98.8606,-0.3906000000000063,0
48.0,16.0,19.0,9.0,0.8421052631578947,98.79339999999999,-0.21039999999999281,0
49.0,17.0,19.0,8.0,0.8596491228070176,98.4676,0.11239999999999384,0
50.0,18.0,19.0,7.0,0.8771929824561403,98.4752,0.1167999999999978,0
51.0,19.0,19.0,6.0,0.8947368421052632,98.5862,0.11979999999999791,0
52.0,20.0,19.0,5.0,0.9122807017543859,98.6024,-0.051400000000001,0
53.0,21.0,19.0,4.0,0.9298245614035088,98.68039999999999,0.2926000000000073,0
54.0,22.0,19.0,3.0,0.9473684210526315,98.7516,0.18440000000001078,0
55.0,23.0,19.0,2.0,0.9649122807017544,98.83340000000001,0.1675999999999931,0
56.0,24.0,19.0,1.0,0.9824561403508771,98.9684,0.41259999999999764,0
57.0,25.0,19.0,0.0,1.0,99.0708,-0.007800000000003138,0
2.0,2.0,11.0,55.0,0.03508771929824561,99.172,0.0,0
3.0,3.0,11.0,54.0,0.05263157894736842,98.943,-0.2289999999999992,0
4.0,4.0,11.0,53.0,0.07017543859649122,98.86933333333333,-0.14733333333333576,0
5.0,5.0,11.0,52.0,0.08771929824561403,98.97575,0.3192499999999967,0
6.0,6.0,11.0,51.0,0.10526315789473684,99.03779999999999,0.2482000000000113,0
7.0,7.0,11.0,50.0,0.12280701754385964,99.09479999999999,0.3622000000000014,0
8.0,8.0,11.0,49.0,0.14035087719298245,99.31460000000001,0.4983999999999895,1
12.0,3.0,17.0,45.0,0.21052631578947367,99.1728,-1.15979999999999,0
13.0,4.0,16.0,44.0,0.22807017543859648,98.99879999999999,-0.5737999999999914,0
14.0,5.0,15.0,43.0,0.24561403508771928,98.77619999999999,-0.6031999999999869,0
15.0,6.0,12.0,42.0,0.2631578947368421,98.5472,-0.23520000000000607,0
16.0,7.0,11.0,41.0,0.2807017543859649,98.325,0.37699999999999534,0
17.0,8.0,10.0,40.0,0.2982456140350877,98.516,0.4519999999999982,0
18.0,9.0,9.0,39.0,0.3157894736842105,98.5408,0.008200000000002206,0
19.0,10.0,9.0,38.0,0.3333333333333333,98.5658,-0.26779999999999404,0
20.0,11.0,9.0,37.0,0.3508771929824561,98.7566,0.5093999999999994,0
21.0,12.0,9.0,36.0,0.3684210526315789,98.8108,0.16219999999999857,0
22.0,13.0,10.0,35.0,0.38596491228070173,98.99660000000002,0.9003999999999905,0
23.0,14.0,10.0,34.0,0.40350877192982454,99.0552,-0.2132000000000005,0
24.0,15.0,10.0,33.0,0.42105263157894735,99.28,0.1419999999999959,0
25.0,16.0,10.0,32.0,0.43859649122807015,99.2914,0.03159999999999741,0
26.0,17.0,9.0,31.0,0.45614035087719296,99.4472,0.3048000000000002,1
30.0,2.0,15.0,27.0,0.5263157894736842,98.98519999999999,-1.3981999999999886,0
31.0,3.0,15.0,26.0,0.543859649122807,98.55319999999999,-1.8711999999999875,0
36.0,8.0,9.0,21.0,0.631578947368421,98.36819999999999,0.12880000000001246,0
37.0,9.0,9.0,20.0,0.6491228070175439,98.0192,-0.44119999999999493,0
38.0,10.0,9.0,19.0,0.6666666666666666,97.69760000000001,0.446399999999997,0
39.0,11.0,9.0,18.0,0.6842105263157895,97.686,-0.1570000000000107,0
40.0,12.0,9.0,17.0,0.7017543859649122,97.8482,-0.3552000000000106,0
41.0,13.0,9.0,16.0,0.7192982456140351,97.6558,-0.12080000000000268,0
43.0,15.0,9.0,14.0,0.7543859649122807,97.69539999999999,0.080600000000004,0
44.0,16.0,9.0,13.0,0.7719298245614035,97.643,0.23900000000000432,0
45.0,17.0,10.0,12.0,0.7894736842105263,97.9374,1.063600000000008,0
46.0,18.0,12.0,11.0,0.8070175438596491,98.3476,1.196399999999997,0
47.0,19.0,13.0,10.0,0.8245614035087719,98.6238,0.292199999999994,0
48.0,20.0,13.0,9.0,0.8421052631578947,98.73859999999999,-0.3885999999999967,0
49.0,21.0,13.0,8.0,0.8596491228070176,98.80080000000001,-0.6078000000000117,0
50.0,22.0,14.0,7.0,0.8771929824561403,98.8952,0.5777999999999963,0
51.0,23.0,14.0,6.0,0.8947368421052632,98.70239999999998,-0.12239999999998474,0
52.0,24.0,14.0,5.0,0.9122807017543859,98.59819999999999,-0.20319999999999538,0
53.0,25.0,14.0,4.0,0.9298245614035088,98.615,-0.18099999999999739,0
54.0,26.0,14.0,3.0,0.9473684210526315,98.6878,-0.1307999999999936,0
55.0,27.0,14.0,2.0,0.9649122807017544,98.50460000000001,0.052399999999991564,0
57.0,29.0,14.0,0.0,1.0,98.66199999999999,0.7050000000000125,0
2.0,5.0,5.0,55.0,0.03508771929824561,98.064,0.0,0
3.0,6.0,5.0,54.0,0.05263157894736842,98.241,0.1770000000000067,0
4.0,7.0,5.0,53.0,0.07017543859649122,98.26466666666666,0.04733333333334144,0
5.0,8.0,5.0,52.0,0.08771929824561403,98.35249999999999,0.2635000000000076,0
6.0,9.0,5.0,51.0,0.10526315789473684,98.4554,0.41160000000000707,0
7.0,10.0,5.0,50.0,0.12280701754385964,98.64320000000001,0.3597999999999928,0
8.0,11.0,5.0,49.0,0.14035087719298245,98.8458,0.5852000000000004,0
9.0,12.0,5.0,48.0,0.15789473684210525,99.2026,0.8933999999999997,1
12.0,2.0,13.0,45.0,0.21052631578947367,98.95700000000001,-1.5690000000000026,0
13.0,3.0,11.0,44.0,0.22807017543859648,98.7172,-1.049199999999999,0
14.0,4.0,10.0,43.0,0.24561403508771928,98.85459999999999,0.835400000000007,0
15.0,5.0,8.0,42.0,0.2631578947368421,98.5774,-0.5323999999999955,0
16.0,6.0,7.0,41.0,0.2807017543859649,98.1944,-0.013400000000004297,0
17.0,7.0,6.0,40.0,0.2982456140350877,98.35640000000001,-0.15840000000001453,0
18.0,8.0,5.0,39.0,0.3157894736842105,98.65299999999999,0.49800000000000466,0
19.0,9.0,5.0,38.0,0.3333333333333333,98.3374,-0.2254000000000076,0
20.0,10.0,5.0,37.0,0.3508771929824561,98.41659999999999,0.024400000000014188,0
21.0,11.0,5.0,36.0,0.3684210526315789,98.41900000000001,-0.2260000000000133,0
22.0,12.0,5.0,35.0,0.38596491228070173,98.44860000000001,-0.10260000000000957,0
23.0,13.0,5.0,34.0,0.40350877192982454,98.3416,0.2744,0
24.0,14.0,5.0,33.0,0.42105263157894735,98.4072,0.03279999999999461,0
25.0,15.0,5.0,32.0,0.43859649122807015,98.458,0.23699999999999477,0
26.0,16.0,5.0,31.0,0.45614035087719296,98.59899999999999,0.2990000000000066,0
27.0,17.0,5.0,30.0,0.47368421052631576,98.6802,0.07179999999999609,1
30.0,2.0,10.0,27.0,0.5263157894736842,98.4106,-1.1426000000000016,0
31.0,3.0,10.0,26.0,0.543859649122807,98.26079999999999,-0.5697999999999865,0
36.0,8.0,6.0,21.0,0.631578947368421,98.008,-0.5769999999999982,0
37.0,9.0,6.0,20.0,0.6491228070175439,97.6662,-0.4772000000000105,0
38.0,10.0,6.0,19.0,0.6666666666666666,97.25219999999999,-0.5701999999999856,0
39.0,11.0,6.0,18.0,0.6842105263157895,97.1048,-0.5737999999999914,0
40.0,12.0,6.0,17.0,0.7017543859649122,96.96279999999999,0.01820000000000732,0
41.0,13.0,6.0,16.0,0.7192982456140351,96.85040000000001,0.01859999999999218,0
42.0,14.0,6.0,15.0,0.7368421052631579,96.864,0.3930000000000007,0
43.0,15.0,6.0,14.0,0.7543859649122807,96.9646,0.22039999999999793,0
44.0,16.0,6.0,13.0,0.7719298245614035,97.1048,0.12720000000000198,0
45.0,17.0,6.0,12.0,0.7894736842105263,97.18020000000001,0.17779999999999063,0
46.0,18.0,6.0,11.0,0.8070175438596491,97.2518,-0.024799999999999045,0
47.0,19.0,6.0,10.0,0.8245614035087719,97.30019999999999,0.19880000000000564,0
48.0,20.0,6.0,9.0,0.8421052631578947,97.3966,0.2703999999999951,0
49.0,21.0,6.0,8.0,0.8596491228070176,97.5026,0.2593999999999994,0
50.0,22.0,6.0,7.0,0.8771929824561403,97.6106,0.287399999999991,0
51.0,23.0,6.0,6.0,0.8947368421052632,97.7466,0.16039999999999566,0
52.0,24.0,6.0,5.0,0.9122807017543859,97.8922,0.3348000000000013,0
53.0,25.0,6.0,4.0,0.9298245614035088,98.03659999999999,0.35240000000000293,0
54.0,26.0,6.0,3.0,0.9473684210526315,98.18339999999999,0.3126000000000033,0
55.0,27.0,6.0,2.0,0.9649122807017544,98.3264,0.28659999999999286,0
56.0,28.0,6.0,1.0,0.9824561403508771,98.38579999999999,-0.18179999999999552,0
57.0,29.0,7.0,0.0,1.0,98.7296,1.216399999999993,0
3.0,3.0,16.0,54.0,0.05263157894736842,99.767,0.0,0
4.0,4.0,16.0,53.0,0.07017543859649122,99.699,-0.06799999999999784,0
5.0,5.0,16.0,52.0,0.08771929824561403,99.68900000000001,-0.020000000000010232,1
9.0,3.0,19.0,48.0,0.15789473684210525,99.40225,-0.8602499999999935,0
10.0,4.0,19.0,47.0,0.17543859649122806,99.4076,0.021399999999999864,0
12.0,6.0,18.0,45.0,0.21052631578947367,99.1942,-0.4941999999999922,0
13.0,7.0,17.0,44.0,0.22807017543859648,99.0378,-0.18880000000000052,0
14.0,8.0,17.0,43.0,0.24561403508771928,99.11,0.9200000000000017,0
15.0,9.0,14.0,42.0,0.2631578947368421,99.1802,-0.28719999999999857,0
16.0,10.0,14.0,41.0,0.2807017543859649,99.128,0.04000000000000625,0
17.0,11.0,12.0,40.0,0.2982456140350877,99.1378,-0.38880000000000337,0
18.0,12.0,13.0,39.0,0.3157894736842105,99.3716,0.6463999999999999,0
19.0,13.0,13.0,38.0,0.3333333333333333,99.14439999999999,-0.25039999999998486,0
20.0,14.0,13.0,37.0,0.3508771929824561,99.1404,-0.267399999999995,0
21.0,15.0,14.0,36.0,0.3684210526315789,99.4596,1.3044000000000011,0
22.0,16.0,14.0,35.0,0.38596491228070173,99.59819999999999,-0.15619999999999834,0
23.0,17.0,15.0,34.0,0.40350877192982454,99.66760000000001,0.6973999999999876,0
24.0,18.0,15.0,33.0,0.42105263157894735,99.7932,-0.2711999999999932,0
25.0,19.0,15.0,32.0,0.43859649122807015,99.9776,-0.18259999999999366,0
26.0,20.0,15.0,31.0,0.45614035087719296,99.7424,-0.15440000000000964,0
27.0,21.0,14.0,30.0,0.47368421052631576,99.747,-0.2819999999999965,1
30.0,2.0,19.0,27.0,0.5263157894736842,99.0644,-2.112400000000008,0
31.0,3.0,19.0,26.0,0.543859649122807,98.5916,-1.4335999999999984,0
36.0,8.0,17.0,21.0,0.631578947368421,98.6962,1.6217999999999932,0
37.0,9.0,17.0,20.0,0.6491228070175439,98.47200000000001,-0.005000000000009663,0
38.0,10.0,17.0,19.0,0.6666666666666666,98.1452,-0.3141999999999996,0
39.0,11.0,17.0,18.0,0.6842105263157895,98.4206,-0.09159999999999968,0
40.0,12.0,17.0,17.0,0.7017543859649122,98.6574,-0.3153999999999968,0
41.0,13.0,17.0,16.0,0.7192982456140351,98.33099999999999,0.3550000000000182,0
42.0,14.0,17.0,15.0,0.7368421052631579,98.3498,0.21120000000000516,0
43.0,15.0,17.0,14.0,0.7543859649122807,98.59819999999999,0.4748000000000019,0
44.0,16.0,16.0,13.0,0.7719298245614035,98.47720000000001,-0.7532000000000068,0
45.0,17.0,16.0,12.0,0.7894736842105263,98.4126,-0.3935999999999922,0
46.0,18.0,16.0,11.0,0.8070175438596491,98.23400000000001,-0.4410000000000025,0
47.0,19.0,16.0,10.0,0.8245614035087719,98.07419999999999,-0.31219999999999004,0
48.0,20.0,16.0,9.0,0.8421052631578947,97.8638,0.15720000000000312,0
49.0,21.0,16.0,8.0,0.8596491228070176,97.91600000000001,0.0689999999999884,0
50.0,22.0,16.0,7.0,0.8771929824561403,97.9406,0.20139999999999247,0
51.0,23.0,16.0,6.0,0.8947368421052632,98.0352,0.23080000000000211,0
52.0,24.0,16.0,5.0,0.9122807017543859,98.1238,0.0811999999999955,0
53.0,25.0,16.0,4.0,0.9298245614035088,98.21860000000001,0.2763999999999953,0
54.0,26.0,16.0,3.0,0.9473684210526315,98.4222,0.5807999999999964,0
55.0,27.0,16.0,2.0,0.9649122807017544,98.4532,-0.15619999999999834,0
56.0,28.0,16.0,1.0,0.9824561403508771,98.55680000000001,0.2271999999999963,0
57.0,29.0,16.0,0.0,1.0,98.615,-0.11899999999999977,0
2.0,2.0,9.0,55.0,0.03508771929824561,98.566,0.0,0
3.0,3.0,9.0,54.0,0.05263157894736842,98.4925,-0.07350000000000989,0
4.0,4.0,9.0,53.0,0.07017543859649122,98.54633333333334,0.1076666666666597,0
5.0,5.0,9.0,52.0,0.08771929824561403,98.776,0.6890000000000072,0
6.0,6.0,9.0,51.0,0.10526315789473684,98.8416,0.2623999999999995,0
7.0,7.0,9.0,50.0,0.12280701754385964,98.98419999999999,0.2948000000000093,0
8.0,8.0,9.0,49.0,0.14035087719298245,99.249,0.4939999999999998,0
9.0,9.0,8.0,48.0,0.15789473684210525,99.70719999999999,1.2378000000000071,0
10.0,10.0,8.0,47.0,0.17543859649122806,99.6736,-0.37659999999999627,0
11.0,11.0,5.0,46.0,0.19298245614035087,99.682,-0.5360000000000014,0
12.0,12.0,5.0,45.0,0.21052631578947367,99.60319999999999,-0.7181999999999817,0
13.0,13.0,4.0,44.0,0.22807017543859648,99.43520000000001,-0.5322000000000031,0
14.0,14.0,3.0,43.0,0.24561403508771928,99.07159999999999,0.05540000000000589,0
15.0,15.0,2.0,42.0,0.2631578947368421,99.06739999999999,0.20860000000000412,0
16.0,16.0,2.0,41.0,0.2807017543859649,99.1354,0.3506,1
19.0,2.0,10.0,38.0,0.3333333333333333,98.718,-1.9200000000000017,0
20.0,3.0,10.0,37.0,0.3508771929824561,98.40259999999999,-1.0765999999999991,0
21.0,4.0,10.0,36.0,0.3684210526315789,98.2632,0.16680000000000916,0
22.0,5.0,8.0,35.0,0.38596491228070173,98.01,0.0,0
23.0,6.0,8.0,34.0,0.40350877192982454,97.6976,0.22640000000001237,0
24.0,7.0,8.0,33.0,0.42105263157894735,98.0432,0.48279999999999745,0
25.0,8.0,7.0,32.0,0.43859649122807015,98.1106,-0.44760000000000844,0
26.0,9.0,6.0,31.0,0.45614035087719296,97.9016,-0.5165999999999968,0
27.0,10.0,6.0,30.0,0.47368421052631576,97.8386,-0.1436000000000064,0
28.0,11.0,5.0,29.0,0.49122807017543857,97.7886,-0.11459999999999582,0
29.0,12.0,5.0,28.0,0.5087719298245614,97.54100000000001,-0.2530000000000143,0
30.0,13.0,5.0,27.0,0.5263157894736842,97.51180000000001,0.005199999999987881,0
31.0,14.0,5.0,26.0,0.543859649122807,97.55439999999999,0.043600000000012074,1
36.0,4.0,5.0,21.0,0.631578947368421,97.51820000000001,-0.004200000000011528,0
37.0,5.0,4.0,20.0,0.6491228070175439,97.2304,-0.9954000000000036,0
38.0,6.0,5.0,19.0,0.6666666666666666,97.21239999999999,-0.014399999999994861,0
39.0,7.0,5.0,18.0,0.6842105263157895,96.97299999999998,-0.6529999999999916,0
40.0,8.0,5.0,17.0,0.7017543859649122,96.78519999999999,-0.126199999999983,0
41.0,9.0,5.0,16.0,0.7192982456140351,96.652,0.19599999999999795,0
43.0,11.0,5.0,14.0,0.7543859649122807,96.7562,-0.0002000000000066393,0
44.0,12.0,5.0,13.0,0.7719298245614035,96.7168,0.28419999999999845,0
45.0,13.0,5.0,12.0,0.7894736842105263,96.8596,0.17440000000000566,0
46.0,14.0,5.0,11.0,0.8070175438596491,96.93280000000001,0.09219999999999118,0
47.0,15.0,5.0,10.0,0.8245614035087719,96.93960000000001,-0.05760000000000787,0
48.0,16.0,5.0,9.0,0.8421052631578947,96.9918,0.025199999999998113,0
49.0,17.0,5.0,8.0,0.8596491228070176,97.1182,0.5147999999999939,0
50.0,18.0,5.0,7.0,0.8771929824561403,97.2266,0.3493999999999886,0
51.0,19.0,5.0,6.0,0.8947368421052632,97.44399999999999,0.6680000000000064,0
52.0,20.0,5.0,5.0,0.9122807017543859,97.61699999999999,0.13000000000000966,0
53.0,21.0,5.0,4.0,0.9298245614035088,97.846,0.3160000000000025,0
54.0,22.0,5.0,3.0,0.9473684210526315,97.925,0.10300000000000864,0
55.0,23.0,5.0,2.0,0.9649122807017544,98.015,0.01099999999999568,0
56.0,24.0,5.0,1.0,0.9824561403508771,98.00500000000001,0.05699999999998795,0
57.0,25.0,5.0,0.0,1.0,98.14320000000001,0.29479999999999507,0
2.0,2.0,20.0,55.0,0.03508771929824561,100.634,0.0,0
3.0,3.0,20.0,54.0,0.05263157894736842,100.32650000000001,-0.30750000000000455,0
4.0,4.0,20.0,53.0,0.07017543859649122,100.16066666666666,-0.33166666666666345,1
7.0,2.0,19.0,50.0,0.12280701754385964,99.608,-1.6580000000000013,0
8.0,3.0,20.0,49.0,0.14035087719298245,99.5686,-0.15760000000000218,0
9.0,4.0,20.0,48.0,0.15789473684210525,99.2912,-0.04420000000000357,0
10.0,5.0,20.0,47.0,0.17543859649122806,99.13919999999999,0.11980000000001212,0
11.0,6.0,20.0,46.0,0.19298245614035087,99.02459999999999,0.23140000000000782,0
12.0,7.0,20.0,45.0,0.21052631578947367,99.2646,-0.11459999999999582,0
13.0,8.0,19.0,44.0,0.22807017543859648,99.1898,-0.15279999999999916,0
14.0,9.0,18.0,43.0,0.24561403508771928,99.23479999999999,0.2372000000000014,0
15.0,10.0,15.0,42.0,0.2631578947368421,99.2608,0.12819999999999254,0
16.0,11.0,16.0,41.0,0.2807017543859649,99.3986,0.5463999999999913,0
17.0,12.0,15.0,40.0,0.2982456140350877,99.5452,0.33780000000000143,0
18.0,13.0,15.0,39.0,0.3157894736842105,99.59219999999999,-0.3201999999999856,0
19.0,14.0,15.0,38.0,0.3333333333333333,99.5782,-0.17619999999999436,0
20.0,15.0,16.0,37.0,0.3508771929824561,99.6548,0.11720000000001107,0
21.0,16.0,16.0,36.0,0.3684210526315789,99.57079999999999,-0.04579999999998563,0
22.0,17.0,16.0,35.0,0.38596491228070173,99.4722,-0.08220000000000027,0
23.0,18.0,16.0,34.0,0.40350877192982454,99.51020000000001,-0.04820000000000846,0
24.0,19.0,16.0,33.0,0.42105263157894735,99.53399999999999,-0.012999999999991019,0
25.0,20.0,16.0,32.0,0.43859649122807015,99.4996,0.10039999999999338,0
26.0,21.0,17.0,31.0,0.45614035087719296,99.6988,0.8221999999999952,1
29.0,2.0,20.0,28.0,0.5087719298245614,99.37140000000001,-1.6184000000000083,0
30.0,3.0,20.0,27.0,0.5263157894736842,98.94659999999999,-1.6085999999999956,0
31.0,4.0,20.0,26.0,0.543859649122807,98.59400000000001,-0.8360000000000127,0
37.0,10.0,15.0,20.0,0.6491228070175439,98.304,-0.15399999999999636,0
38.0,11.0,15.0,19.0,0.6666666666666666,97.7818,0.12819999999999254,0
39.0,12.0,15.0,18.0,0.6842105263157895,97.88640000000001,0.3895999999999873,0
40.0,13.0,15.0,17.0,0.7017543859649122,98.1512,0.5108000000000033,0
41.0,14.0,16.0,16.0,0.7192982456140351,98.42339999999999,0.6956000000000131,0
42.0,15.0,16.0,15.0,0.7368421052631579,98.529,0.1490000000000009,0
43.0,16.0,15.0,14.0,0.7543859649122807,98.43879999999999,-0.9797999999999831,0
44.0,17.0,15.0,13.0,0.7719298245614035,98.35140000000001,-0.5124000000000137,0
45.0,18.0,15.0,12.0,0.7894736842105263,98.2038,-0.2797999999999945,0
46.0,19.0,15.0,11.0,0.8070175438596491,97.902,-0.2920000000000016,0
47.0,20.0,15.0,10.0,0.8245614035087719,97.75139999999999,0.17360000000000753,0
48.0,21.0,15.0,9.0,0.8421052631578947,97.8896,0.2604000000000042,0
49.0,22.0,15.0,8.0,0.8596491228070176,97.92460000000001,0.08939999999998349,0
50.0,23.0,15.0,7.0,0.8771929824561403,97.917,-0.03100000000000591,0
51.0,24.0,15.0,6.0,0.8947368421052632,97.9934,-0.0013999999999896318,0
52.0,25.0,15.0,5.0,0.9122807017543859,98.0134,0.011600000000001387,0
53.0,26.0,15.0,4.0,0.9298245614035088,98.03540000000001,0.22459999999999525,0
54.0,27.0,15.0,3.0,0.9473684210526315,98.1322,0.36580000000000723,0
55.0,28.0,15.0,2.0,0.9649122807017544,98.23980000000002,0.18419999999998993,0
56.0,29.0,15.0,1.0,0.9824561403508771,98.441,0.5570000000000022,0
57.0,30.0,15.0,0.0,1.0,98.60060000000001,0.22239999999997906,0
2.0,2.0,17.0,55.0,0.03508771929824561,100.13,0.0,0
3.0,3.0,17.0,54.0,0.05263157894736842,99.9095,-0.22050000000000125,0
4.0,4.0,17.0,53.0,0.07017543859649122,99.82,-0.17899999999998784,0
5.0,5.0,17.0,52.0,0.08771929824561403,99.8545,0.10349999999999682,0
6.0,6.0,16.0,51.0,0.10526315789473684,99.82480000000001,-0.11880000000000734,0
7.0,7.0,16.0,50.0,0.12280701754385964,99.7206,-0.11160000000000991,0
8.0,8.0,16.0,49.0,0.14035087719298245,99.7802,0.2068000000000012,0
9.0,9.0,15.0,48.0,0.15789473684210525,99.8656,0.20239999999999725,0
10.0,10.0,14.0,47.0,0.17543859649122806,99.93379999999999,0.36520000000001573,0
11.0,11.0,11.0,46.0,0.19298245614035087,100.0454,0.21859999999999502,0
12.0,12.0,10.0,45.0,0.21052631578947367,100.1532,-0.005200000000002092,0
13.0,13.0,9.0,44.0,0.22807017543859648,100.1494,-0.18139999999999645,1
16.0,2.0,19.0,41.0,0.2807017543859649,99.70779999999999,-1.8477999999999923,0
17.0,3.0,18.0,40.0,0.2982456140350877,99.2868,-1.0927999999999969,0
19.0,5.0,19.0,38.0,0.3333333333333333,99.02239999999999,-0.08039999999999736,0
20.0,6.0,19.0,37.0,0.3508771929824561,98.76180000000001,0.08319999999999084,0
21.0,7.0,19.0,36.0,0.3684210526315789,98.5688,0.43420000000000414,0
22.0,8.0,19.0,35.0,0.38596491228070173,98.8094,0.2536000000000058,0
23.0,9.0,19.0,34.0,0.40350877192982454,99.0084,0.18059999999999832,0
24.0,10.0,19.0,33.0,0.42105263157894735,99.027,0.007999999999995566,0
25.0,11.0,19.0,32.0,0.43859649122807015,99.0872,0.05880000000000507,0
26.0,12.0,19.0,31.0,0.45614035087719296,99.1508,0.17019999999999413,0
27.0,13.0,18.0,30.0,0.47368421052631576,99.2014,0.11459999999999582,0
28.0,14.0,18.0,29.0,0.49122807017543857,99.5172,1.2507999999999981,0
29.0,15.0,16.0,28.0,0.5087719298245614,99.5896,-0.19259999999999877,0
30.0,16.0,17.0,27.0,0.5263157894736842,99.7488,0.19319999999999027,0
31.0,17.0,17.0,26.0,0.543859649122807,99.70719999999999,-0.5941999999999865,1
36.0,4.0,16.0,21.0,0.631578947368421,99.6464,-0.6343999999999994,0
37.0,5.0,16.0,20.0,0.6491228070175439,99.1644,-0.8063999999999965,0
38.0,6.0,16.0,19.0,0.6666666666666666,98.8504,-1.0233999999999952,0
39.0,7.0,16.0,18.0,0.6842105263157895,98.544,-0.13400000000000034,0
40.0,8.0,16.0,17.0,0.7017543859649122,98.393,-0.03499999999999659,0
41.0,9.0,15.0,16.0,0.7192982456140351,98.12859999999999,-0.4385999999999939,0
42.0,10.0,14.0,15.0,0.7368421052631579,97.9708,-0.4017999999999944,0
43.0,11.0,14.0,14.0,0.7543859649122807,97.90140000000001,-0.42140000000000555,0
44.0,12.0,14.0,13.0,0.7719298245614035,97.69539999999999,-0.3153999999999968,0
45.0,13.0,14.0,12.0,0.7894736842105263,97.53099999999999,0.005000000000009663,0
46.0,14.0,14.0,11.0,0.8070175438596491,97.5384,0.1886000000000081,0
47.0,15.0,14.0,10.0,0.8245614035087719,97.6114,0.3225999999999942,0
48.0,16.0,14.0,9.0,0.8421052631578947,97.6944,0.20059999999999434,0
49.0,17.0,14.0,8.0,0.8596491228070176,97.77779999999998,0.019200000000012096,0
50.0,18.0,13.0,7.0,0.8771929824561403,97.817,-0.08499999999999375,0
51.0,19.0,13.0,6.0,0.8947368421052632,97.86699999999999,0.11000000000001364,0
52.0,20.0,13.0,5.0,0.9122807017543859,97.827,-0.09300000000000352,0
53.0,21.0,13.0,4.0,0.9298245614035088,97.87780000000001,0.2711999999999932,0
54.0,22.0,13.0,3.0,0.9473684210526315,97.99960000000002,0.40639999999999077,0
55.0,23.0,13.0,2.0,0.9649122807017544,98.0818,0.06119999999999948,0
56.0,24.0,13.0,1.0,0.9824561403508771,98.1654,0.2295999999999907,0
57.0,25.0,13.0,0.0,1.0,98.553,1.1189999999999998,0
2.0,2.0,4.0,55.0,0.03508771929824561,98.048,0.0,0
3.0,3.0,4.0,54.0,0.05263157894736842,98.2555,0.20749999999999602,0
4.0,4.0,4.0,53.0,0.07017543859649122,98.26133333333333,0.011666666666670267,0
5.0,5.0,4.0,52.0,0.08771929824561403,98.30275,0.12425000000000352,0
6.0,6.0,4.0,51.0,0.10526315789473684,98.399,0.3850000000000051,0
7.0,7.0,4.0,50.0,0.12280701754385964,98.5254,0.15460000000000207,0
8.0,8.0,4.0,49.0,0.14035087719298245,98.65939999999999,0.4736000000000047,0
9.0,9.0,4.0,48.0,0.15789473684210525,98.8376,0.3264000000000067,0
10.0,10.0,3.0,47.0,0.17543859649122806,98.9284,-0.04739999999999611,0
11.0,11.0,3.0,46.0,0.19298245614035087,99.0086,0.176400000000001,0
12.0,12.0,3.0,45.0,0.21052631578947367,99.0672,-0.09420000000000073,0
13.0,13.0,2.0,44.0,0.22807017543859648,98.9848,-0.26380000000000337,0
14.0,14.0,2.0,43.0,0.24561403508771928,98.926,-0.055999999999997385,0
15.0,15.0,1.0,42.0,0.2631578947368421,98.921,-0.06500000000001194,0
16.0,16.0,1.0,41.0,0.2807017543859649,98.8962,0.16480000000001382,1
19.0,2.0,4.0,38.0,0.3333333333333333,98.4768,-1.6007999999999925,0
20.0,3.0,4.0,37.0,0.3508771929824561,98.1738,-0.9677999999999969,0
21.0,4.0,4.0,36.0,0.3684210526315789,97.8784,-0.4853999999999985,0
22.0,5.0,4.0,35.0,0.38596491228070173,97.5798,-0.21680000000000632,0
23.0,6.0,4.0,34.0,0.40350877192982454,97.30080000000001,0.3651999999999873,0
24.0,7.0,4.0,33.0,0.42105263157894735,97.5282,0.484800000000007,0
25.0,8.0,3.0,32.0,0.43859649122807015,97.57739999999998,-0.12539999999998486,0
26.0,9.0,3.0,31.0,0.45614035087719296,97.59400000000001,-0.11800000000000921,0
27.0,10.0,3.0,30.0,0.47368421052631576,97.71079999999999,0.23620000000001085,0
28.0,11.0,3.0,29.0,0.49122807017543857,97.7986,0.30640000000001066,0
29.0,12.0,3.0,28.0,0.5087719298245614,97.7522,0.028800000000003934,0
30.0,13.0,3.0,27.0,0.5263157894736842,97.7856,-0.16660000000000252,0
31.0,14.0,3.0,26.0,0.543859649122807,97.9,0.14799999999999613,1
36.0,4.0,3.0,21.0,0.631578947368421,97.537,-1.4050000000000011,0
37.0,5.0,3.0,20.0,0.6491228070175439,97.1808,-0.8568000000000069,0
39.0,7.0,3.0,18.0,0.6842105263157895,96.86420000000001,-0.6662000000000177,0
40.0,8.0,3.0,17.0,0.7017543859649122,96.59639999999999,-0.31639999999998736,0
41.0,9.0,3.0,16.0,0.7192982456140351,96.2854,0.20759999999999934,0
42.0,10.0,3.0,15.0,0.7368421052631579,96.3198,-0.015799999999998704,0
43.0,11.0,3.0,14.0,0.7543859649122807,96.35619999999999,0.14980000000001326,0
44.0,12.0,3.0,13.0,0.7719298245614035,96.426,0.12099999999999511,0
45.0,13.0,3.0,12.0,0.7894736842105263,96.51,0.18999999999999773,0
46.0,14.0,3.0,11.0,0.8070175438596491,96.59020000000001,0.3037999999999954,0
47.0,15.0,3.0,10.0,0.8245614035087719,96.6842,0.08979999999999677,0
48.0,16.0,3.0,9.0,0.8421052631578947,96.77380000000001,0.18019999999998504,0
49.0,17.0,3.0,8.0,0.8596491228070176,96.99600000000001,0.6619999999999919,0
50.0,18.0,3.0,7.0,0.8771929824561403,97.0472,-0.09120000000000061,0
51.0,19.0,3.0,6.0,0.8947368421052632,97.1242,0.1547999999999945,0
52.0,20.0,4.0,5.0,0.9122807017543859,97.454,0.9690000000000083,0
53.0,21.0,4.0,4.0,0.9298245614035088,97.5798,0.003199999999992542,0
54.0,22.0,4.0,3.0,0.9473684210526315,97.607,0.1869999999999976,0
55.0,23.0,4.0,2.0,0.9649122807017544,97.733,-0.14700000000000557,0
56.0,24.0,4.0,1.0,0.9824561403508771,97.8104,-0.14440000000000452,0
57.0,25.0,4.0,0.0,1.0,97.7804,0.49259999999999593,0
2.0,5.0,3.0,55.0,0.03508771929824561,97.91,0.0,0
3.0,6.0,3.0,54.0,0.05263157894736842,98.1635,0.2535000000000025,0
4.0,7.0,3.0,53.0,0.07017543859649122,98.18733333333334,0.04766666666665742,0
5.0,8.0,3.0,52.0,0.08771929824561403,98.2915,0.3125,0
6.0,9.0,3.0,51.0,0.10526315789473684,98.3472,0.22279999999999234,0
7.0,10.0,3.0,50.0,0.12280701754385964,98.45880000000001,0.00919999999999277,0
8.0,11.0,3.0,49.0,0.14035087719298245,98.5694,0.4005999999999972,0
9.0,12.0,3.0,48.0,0.15789473684210525,98.7432,0.36079999999999757,1
12.0,2.0,11.0,45.0,0.21052631578947367,98.5958,-0.7287999999999926,0
13.0,3.0,10.0,44.0,0.22807017543859648,98.3724,-0.919399999999996,0
14.0,4.0,9.0,43.0,0.24561403508771928,98.43339999999999,0.33960000000000434,0
15.0,5.0,6.0,42.0,0.2631578947368421,98.1888,-0.44180000000000064,0
16.0,6.0,5.0,41.0,0.2807017543859649,98.0468,0.34720000000000084,0
17.0,7.0,5.0,40.0,0.2982456140350877,97.9868,-0.4198000000000093,0
18.0,8.0,3.0,39.0,0.3157894736842105,98.0302,-0.36019999999999186,0
19.0,9.0,3.0,38.0,0.3333333333333333,97.8066,-0.15160000000000196,0
20.0,10.0,3.0,37.0,0.3508771929824561,97.8424,0.08360000000000412,0
21.0,11.0,3.0,36.0,0.3684210526315789,97.7602,0.22280000000000655,0
22.0,12.0,3.0,35.0,0.38596491228070173,97.80420000000001,-0.017200000000002547,0
23.0,13.0,3.0,34.0,0.40350877192982454,97.897,0.23699999999999477,0
24.0,14.0,3.0,33.0,0.42105263157894735,97.9626,0.0204000000000093,0
25.0,15.0,4.0,32.0,0.43859649122807015,98.2354,1.0546000000000078,0
26.0,16.0,4.0,31.0,0.45614035087719296,98.2818,-0.06680000000000064,0
27.0,17.0,4.0,30.0,0.47368421052631576,98.3184,-0.34839999999999804,0
28.0,18.0,4.0,29.0,0.49122807017543857,98.28139999999999,-0.3323999999999927,0
29.0,19.0,4.0,28.0,0.5087719298245614,98.3108,-0.18080000000000496,0
30.0,20.0,4.0,27.0,0.5263157894736842,98.0,-0.2639999999999958,0
31.0,21.0,4.0,26.0,0.543859649122807,97.94239999999999,-0.015399999999985425,1
37.0,5.0,5.0,20.0,0.6491228070175439,97.9418,0.025199999999998113,0
38.0,6.0,4.0,19.0,0.6666666666666666,97.4976,-1.7696000000000112,0
39.0,7.0,4.0,18.0,0.6842105263157895,97.1234,-0.8644000000000034,0
40.0,8.0,4.0,17.0,0.7017543859649122,96.8004,-0.6794000000000011,0
41.0,9.0,4.0,16.0,0.7192982456140351,96.4668,-0.20780000000000598,0
42.0,10.0,4.0,15.0,0.7368421052631579,96.102,0.04099999999999682,0
43.0,11.0,4.0,14.0,0.7543859649122807,96.1648,-0.12279999999999802,0
44.0,12.0,4.0,13.0,0.7719298245614035,96.2034,0.24859999999999616,0
45.0,13.0,4.0,12.0,0.7894736842105263,96.298,0.29599999999999227,0
46.0,14.0,4.0,11.0,0.8070175438596491,96.57639999999999,1.0746000000000038,0
47.0,15.0,4.0,10.0,0.8245614035087719,96.6108,-0.29579999999999984,0
48.0,16.0,4.0,9.0,0.8421052631578947,96.7182,-0.13920000000000243,0
50.0,18.0,4.0,7.0,0.8771929824561403,96.835,0.20100000000000762,0
51.0,19.0,4.0,6.0,0.8947368421052632,96.9328,0.1501999999999981,0
52.0,20.0,3.0,5.0,0.9122807017543859,96.66760000000001,-0.34260000000000446,0
53.0,21.0,3.0,4.0,0.9298245614035088,96.752,-0.015000000000000568,0
54.0,22.0,3.0,3.0,0.9473684210526315,96.8616,0.26539999999999964,0
55.0,23.0,3.0,2.0,0.9649122807017544,96.92240000000001,0.4175999999999931,0
56.0,24.0,3.0,1.0,0.9824561403508771,97.0512,0.6758000000000095,0
57.0,25.0,3.0,0.0,1.0,97.412,0.7169999999999987,0
2.0,2.0,12.0,55.0,0.03508771929824561,98.883,0.0,0
3.0,3.0,12.0,54.0,0.05263157894736842,98.80449999999999,-0.07849999999999113,0
4.0,4.0,12.0,53.0,0.07017543859649122,98.79166666666667,-0.02566666666666606,0
5.0,5.0,12.0,52.0,0.08771929824561403,98.90375,0.3362499999999926,0
6.0,6.0,12.0,51.0,0.10526315789473684,99.0124,0.4346000000000032,0
7.0,7.0,12.0,50.0,0.12280701754385964,99.1174,0.29059999999999775,1
10.0,2.0,17.0,47.0,0.17543859649122806,98.8828,-1.3298000000000059,0
11.0,3.0,16.0,46.0,0.19298245614035087,98.764,-0.5919999999999987,0
12.0,4.0,15.0,45.0,0.21052631578947367,98.4794,-0.6624000000000052,0
13.0,5.0,12.0,44.0,0.22807017543859648,98.275,0.14999999999999147,0
14.0,6.0,11.0,43.0,0.24561403508771928,97.99139999999998,-0.0013999999999896318,0
15.0,7.0,9.0,42.0,0.2631578947368421,98.1286,0.1103999999999985,0
16.0,8.0,8.0,41.0,0.2807017543859649,98.3518,0.9361999999999995,0
17.0,9.0,7.0,40.0,0.2982456140350877,98.4434,-0.16839999999999122,0
18.0,10.0,6.0,39.0,0.3157894736842105,98.4514,0.013599999999996726,0
19.0,11.0,6.0,38.0,0.3333333333333333,98.5334,-0.13339999999999463,0
20.0,12.0,6.0,37.0,0.3508771929824561,98.60940000000001,0.009599999999991837,0
21.0,13.0,6.0,36.0,0.3684210526315789,98.50919999999999,0.27780000000001337,0
22.0,14.0,6.0,35.0,0.38596491228070173,98.5806,0.051400000000001,0
23.0,15.0,6.0,34.0,0.40350877192982454,98.6712,0.24680000000000746,0
24.0,16.0,6.0,33.0,0.42105263157894735,98.7592,0.08079999999999643,0
25.0,17.0,6.0,32.0,0.43859649122807015,98.9164,0.48860000000000525,0
26.0,18.0,7.0,31.0,0.45614035087719296,99.1354,0.7466000000000008,1
29.0,2.0,12.0,28.0,0.5087719298245614,98.8412,-1.6801999999999992,0
30.0,3.0,12.0,27.0,0.5263157894736842,98.47720000000001,-1.3792000000000115,0
31.0,4.0,11.0,26.0,0.543859649122807,98.21520000000001,-0.6852000000000089,0
36.0,9.0,7.0,21.0,0.631578947368421,97.9766,0.2353999999999985,0
37.0,10.0,7.0,20.0,0.6491228070175439,97.4804,-0.0794000000000068,0
38.0,11.0,8.0,19.0,0.6666666666666666,97.6644,0.4166000000000025,0
39.0,12.0,8.0,18.0,0.6842105263157895,97.753,-0.2120000000000033,0
40.0,13.0,8.0,17.0,0.7017543859649122,97.74300000000001,-0.26300000000000523,0
41.0,14.0,8.0,16.0,0.7192982456140351,97.59,-0.14300000000000068,0
42.0,15.0,8.0,15.0,0.7368421052631579,97.65299999999999,0.06300000000000239,0
43.0,16.0,8.0,14.0,0.7543859649122807,97.5774,0.1256000000000057,0
44.0,17.0,8.0,13.0,0.7719298245614035,97.6602,0.29479999999999507,0
45.0,18.0,8.0,12.0,0.7894736842105263,97.692,-0.05299999999999727,0
46.0,19.0,8.0,11.0,0.8070175438596491,97.7346,-0.07460000000000377,0
47.0,20.0,8.0,10.0,0.8245614035087719,97.7598,0.08220000000000027,0
48.0,21.0,8.0,9.0,0.8421052631578947,97.794,0.0799999999999983,0
49.0,22.0,8.0,8.0,0.8596491228070176,97.7642,0.04179999999999495,0
50.0,23.0,8.0,7.0,0.8771929824561403,97.8746,0.31640000000000157,0
51.0,24.0,8.0,6.0,0.8947368421052632,98.00899999999999,0.3230000000000075,0
52.0,25.0,8.0,5.0,0.9122807017543859,98.11959999999999,0.27540000000000475,0
53.0,26.0,8.0,4.0,0.9298245614035088,98.2312,0.20080000000000098,0
54.0,27.0,8.0,3.0,0.9473684210526315,98.35260000000001,0.06039999999998713,0
55.0,28.0,8.0,2.0,0.9649122807017544,98.429,0.14399999999999125,0
56.0,29.0,8.0,1.0,0.9824561403508771,98.4736,0.08140000000000214,0
57.0,30.0,8.0,0.0,1.0,98.6144,0.48460000000000036,0
2.0,5.0,1.0,55.0,0.03508771929824561,97.492,0.0,0
3.0,6.0,1.0,54.0,0.05263157894736842,97.7875,0.2955000000000041,0
4.0,7.0,1.0,53.0,0.07017543859649122,97.90266666666666,0.23033333333333417,0
5.0,8.0,1.0,52.0,0.08771929824561403,97.93775,0.10525000000001228,0
6.0,9.0,1.0,51.0,0.10526315789473684,98.0228,0.34019999999999584,0
7.0,10.0,1.0,50.0,0.12280701754385964,98.224,0.2740000000000009,0
8.0,11.0,1.0,49.0,0.14035087719298245,98.3208,0.24619999999998754,0
9.0,12.0,1.0,48.0,0.15789473684210525,98.45419999999999,0.3458000000000112,0
10.0,13.0,1.0,47.0,0.17543859649122806,98.55539999999999,-0.006399999999985084,0
11.0,14.0,1.0,46.0,0.19298245614035087,98.619,0.06199999999999761,0
12.0,15.0,1.0,45.0,0.21052631578947367,98.725,0.3030000000000115,0
13.0,16.0,1.0,44.0,0.22807017543859648,98.76419999999999,-0.0011999999999829924,1
16.0,2.0,3.0,41.0,0.2807017543859649,98.61680000000001,-0.5538000000000096,0
17.0,3.0,3.0,40.0,0.2982456140350877,98.45360000000001,-0.7206000000000046,0
18.0,4.0,1.0,39.0,0.3157894736842105,98.25500000000001,-0.5670000000000073,0
19.0,5.0,1.0,38.0,0.3333333333333333,98.0276,-0.1366000000000014,0
20.0,6.0,1.0,37.0,0.3508771929824561,97.7758,-0.27179999999999893,0
21.0,7.0,1.0,36.0,0.3684210526315789,97.7056,0.006399999999999295,0
22.0,8.0,1.0,35.0,0.38596491228070173,97.5874,-0.44540000000000646,0
24.0,10.0,1.0,33.0,0.42105263157894735,97.5766,0.05740000000000123,0
25.0,11.0,1.0,32.0,0.43859649122807015,97.5606,0.2504000000000133,0
26.0,12.0,1.0,31.0,0.45614035087719296,97.5378,-0.1478000000000037,0
27.0,13.0,1.0,30.0,0.47368421052631576,97.5112,0.0677999999999912,0
28.0,14.0,1.0,29.0,0.49122807017543857,97.6214,0.07160000000000366,0
29.0,15.0,1.0,28.0,0.5087719298245614,97.63000000000001,0.046999999999997044,0
30.0,16.0,1.0,27.0,0.5263157894736842,97.63,0.1810000000000116,0
31.0,17.0,1.0,26.0,0.543859649122807,97.6632,-0.10720000000000596,1
36.0,4.0,1.0,21.0,0.631578947368421,97.1754,-2.0353999999999957,0
37.0,5.0,1.0,20.0,0.6491228070175439,96.71180000000001,-1.3368000000000109,0
38.0,6.0,1.0,19.0,0.6666666666666666,96.3758,-0.37879999999999825,0
39.0,7.0,1.0,18.0,0.6842105263157895,96.0484,0.1256000000000057,0
40.0,8.0,1.0,17.0,0.7017543859649122,95.8092,0.5507999999999953,0
41.0,9.0,1.0,16.0,0.7192982456140351,96.04639999999999,0.27960000000000207,0
42.0,10.0,1.0,15.0,0.7368421052631579,96.2212,0.02779999999999916,0
43.0,11.0,1.0,14.0,0.7543859649122807,96.2454,-0.12740000000000862,0
44.0,12.0,1.0,13.0,0.7719298245614035,96.2684,0.020600000000001728,0
45.0,13.0,1.0,12.0,0.7894736842105263,96.20339999999999,-0.16839999999999122,0
46.0,14.0,1.0,11.0,0.8070175438596491,96.1178,-0.21980000000000643,0
47.0,15.0,1.0,10.0,0.8245614035087719,96.08599999999998,0.004000000000019099,0
48.0,16.0,1.0,9.0,0.8421052631578947,96.1338,0.22320000000000562,0
49.0,17.0,1.0,8.0,0.8596491228070176,96.239,0.5759999999999934,0
50.0,18.0,1.0,7.0,0.8771929824561403,96.2846,-0.021599999999992292,0
51.0,19.0,1.0,6.0,0.8947368421052632,96.326,-0.22099999999998943,0
52.0,20.0,1.0,5.0,0.9122807017543859,96.30019999999999,-0.33919999999999106,0
53.0,21.0,1.0,4.0,0.9298245614035088,96.2954,0.037599999999997635,0
54.0,22.0,1.0,3.0,0.9473684210526315,96.1782,0.05079999999999529,0
55.0,23.0,1.0,2.0,0.9649122807017544,96.1774,0.08159999999999457,0
56.0,24.0,1.0,1.0,0.9824561403508771,96.205,0.0379999999999967,0
57.0,25.0,1.0,0.0,1.0,96.3304,0.2575999999999965,0
2.0,5.0,2.0,55.0,0.03508771929824561,97.817,0.0,0
3.0,6.0,2.0,54.0,0.05263157894736842,98.0515,0.23449999999999704,0
4.0,7.0,2.0,53.0,0.07017543859649122,98.16033333333333,0.21766666666667334,0
5.0,8.0,2.0,52.0,0.08771929824561403,98.27125,0.3327500000000043,0
6.0,9.0,2.0,51.0,0.10526315789473684,98.3104,0.1565999999999974,0
7.0,10.0,2.0,50.0,0.12280701754385964,98.4842,0.20180000000000575,0
8.0,11.0,2.0,49.0,0.14035087719298245,98.6284,0.3786000000000058,0
9.0,12.0,2.0,48.0,0.15789473684210525,98.7328,0.16720000000000823,0
10.0,13.0,2.0,47.0,0.17543859649122806,98.7898,0.09919999999999618,0
11.0,14.0,2.0,46.0,0.19298245614035087,98.9268,0.22520000000000095,0
12.0,15.0,2.0,45.0,0.21052631578947367,99.00919999999999,0.08880000000000621,1
15.0,2.0,4.0,42.0,0.2631578947368421,98.77340000000001,-0.9454000000000065,0
16.0,3.0,4.0,41.0,0.2807017543859649,98.60679999999999,-0.5397999999999996,0
17.0,4.0,4.0,40.0,0.2982456140350877,98.4676,-0.2746000000000066,0
18.0,5.0,2.0,39.0,0.3157894736842105,98.3138,0.06919999999999504,0
19.0,6.0,2.0,38.0,0.3333333333333333,98.12660000000001,0.03539999999999566,0
20.0,7.0,2.0,37.0,0.3508771929824561,98.19059999999999,-0.04259999999999309,0
21.0,8.0,2.0,36.0,0.3684210526315789,98.1454,-0.3044000000000011,0
22.0,9.0,2.0,35.0,0.38596491228070173,98.068,-0.26200000000000045,0
23.0,10.0,2.0,34.0,0.40350877192982454,97.995,0.022999999999996135,0
24.0,11.0,2.0,33.0,0.42105263157894735,97.9194,-0.13539999999998997,0
25.0,12.0,2.0,32.0,0.43859649122807015,97.905,0.17099999999999227,0
26.0,13.0,2.0,31.0,0.45614035087719296,97.94579999999999,0.09920000000001039,0
27.0,14.0,2.0,30.0,0.47368421052631576,97.9704,-0.041399999999995885,0
28.0,15.0,2.0,29.0,0.49122807017543857,97.966,0.030000000000001137,0
29.0,16.0,2.0,28.0,0.5087719298245614,97.96459999999999,-0.1875999999999891,0
30.0,17.0,2.0,27.0,0.5263157894736842,97.88000000000001,-0.22700000000000387,0
31.0,18.0,2.0,26.0,0.543859649122807,97.8878,0.1962000000000046,1
36.0,7.0,2.0,21.0,0.631578947368421,97.40559999999999,-1.887599999999992,0
37.0,8.0,2.0,20.0,0.6491228070175439,96.9748,-1.1328000000000031,0
2.0,5.0,6.0,55.0,0.03508771929824561,98.185,0.0,0
3.0,6.0,6.0,54.0,0.05263157894736842,98.287,0.10199999999998965,0
4.0,7.0,6.0,53.0,0.07017543859649122,98.39800000000001,0.2219999999999942,0
5.0,8.0,8.0,52.0,0.08771929824561403,99.05375000000001,1.9672499999999928,0
6.0,9.0,8.0,51.0,0.10526315789473684,99.0476,-0.024600000000006617,0
7.0,10.0,8.0,50.0,0.12280701754385964,99.2766,0.05339999999999634,0
8.0,11.0,8.0,49.0,0.14035087719298245,99.58,0.3260000000000076,0
9.0,12.0,10.0,48.0,0.15789473684210525,100.43499999999999,2.460000000000008,0
10.0,13.0,10.0,47.0,0.17543859649122806,100.26360000000001,-0.09960000000000946,0
11.0,14.0,6.0,46.0,0.19298245614035087,100.462,-0.44700000000000273,0
12.0,15.0,6.0,45.0,0.21052631578947367,100.646,-0.3960000000000008,0
13.0,16.0,5.0,44.0,0.22807017543859648,100.7202,-0.4432000000000045,1
16.0,2.0,15.0,41.0,0.2807017543859649,99.53200000000001,-2.578000000000017,0
17.0,3.0,13.0,40.0,0.2982456140350877,99.0726,-1.2055999999999898,0
18.0,4.0,12.0,39.0,0.3157894736842105,98.6314,-0.8224000000000018,0
19.0,5.0,12.0,38.0,0.3333333333333333,98.2332,0.02580000000000382,0
20.0,6.0,12.0,37.0,0.3508771929824561,97.8632,0.5638000000000005,0
21.0,7.0,12.0,36.0,0.3684210526315789,98.21600000000001,0.5019999999999953,0
22.0,8.0,12.0,35.0,0.38596491228070173,98.3536,0.20140000000000668,0
23.0,9.0,12.0,34.0,0.40350877192982454,98.518,0.11299999999999955,0
24.0,10.0,12.0,33.0,0.42105263157894735,98.6226,0.15939999999999088,0
25.0,11.0,12.0,32.0,0.43859649122807015,98.7508,0.3171999999999997,0
26.0,12.0,12.0,31.0,0.45614035087719296,98.84960000000001,0.36239999999999384,0
27.0,13.0,11.0,30.0,0.47368421052631576,98.999,0.3030000000000115,0
28.0,14.0,8.0,29.0,0.49122807017543857,99.12,0.11599999999999966,0
29.0,15.0,7.0,28.0,0.5087719298245614,99.12320000000001,-0.3252000000000095,0
30.0,16.0,6.0,27.0,0.5263157894736842,99.1656,0.11440000000000339,0
31.0,17.0,6.0,26.0,0.543859649122807,99.4202,1.0648000000000053,1
37.0,5.0,13.0,20.0,0.6491228070175439,99.1262,-1.2942000000000036,0
38.0,6.0,14.0,19.0,0.6666666666666666,99.0038,-0.379800000000003,0
39.0,7.0,14.0,18.0,0.6842105263157895,98.90259999999999,-0.6105999999999909,0
40.0,8.0,14.0,17.0,0.7017543859649122,98.73740000000001,-0.28340000000001453,0
41.0,9.0,14.0,16.0,0.7192982456140351,98.32339999999999,0.09160000000001389,0
42.0,10.0,15.0,15.0,0.7368421052631579,98.7042,1.031800000000004,0
43.0,11.0,16.0,14.0,0.7543859649122807,98.9008,0.7061999999999955,0
2.0,2.0,18.0,55.0,0.03508771929824561,100.25,0.0,0
3.0,3.0,18.0,54.0,0.05263157894736842,99.979,-0.2710000000000008,0
4.0,4.0,18.0,53.0,0.07017543859649122,99.93400000000001,-0.09000000000001762,0
5.0,5.0,18.0,52.0,0.08771929824561403,99.944,0.030000000000001137,0
6.0,6.0,17.0,51.0,0.10526315789473684,99.9162,-0.11119999999999663,0
7.0,7.0,17.0,50.0,0.12280701754385964,99.83720000000001,0.017799999999994043,0
8.0,8.0,17.0,49.0,0.14035087719298245,99.97540000000001,0.4235999999999933,0
9.0,9.0,16.0,48.0,0.15789473684210525,100.0362,0.11180000000000234,0
10.0,10.0,15.0,47.0,0.17543859649122806,100.1452,0.3738000000000028,0
11.0,11.0,12.0,46.0,0.19298245614035087,100.2782,0.19180000000000064,1
14.0,2.0,19.0,43.0,0.24561403508771928,100.112,-1.0879999999999939,0
15.0,3.0,18.0,42.0,0.2631578947368421,99.90719999999999,-0.5321999999999889,0
16.0,4.0,18.0,41.0,0.2807017543859649,99.6962,-0.6032000000000011,0
17.0,5.0,17.0,40.0,0.2982456140350877,99.5322,0.16679999999999495,0
18.0,6.0,17.0,39.0,0.3157894736842105,99.29,-0.03100000000000591,0
19.0,7.0,18.0,38.0,0.3333333333333333,99.38820000000001,0.1267999999999887,0
20.0,8.0,18.0,37.0,0.3508771929824561,99.24660000000002,-0.5796000000000134,0
21.0,9.0,18.0,36.0,0.3684210526315789,99.2732,-0.04720000000000368,0
22.0,10.0,18.0,35.0,0.38596491228070173,99.1516,-0.06060000000000798,0
23.0,11.0,18.0,34.0,0.40350877192982454,99.1284,0.0146000000000015,0
24.0,12.0,18.0,33.0,0.42105263157894735,99.01079999999999,-0.08379999999998233,0
25.0,13.0,18.0,32.0,0.43859649122807015,99.169,0.2890000000000015,0
26.0,14.0,18.0,31.0,0.45614035087719296,99.1768,0.0882000000000005,0
27.0,15.0,16.0,30.0,0.47368421052631576,99.25,0.20699999999999363,0
28.0,16.0,16.0,29.0,0.49122807017543857,99.478,0.8050000000000068,0
29.0,17.0,15.0,28.0,0.5087719298245614,99.6398,0.09620000000001028,0
30.0,18.0,16.0,27.0,0.5263157894736842,99.7552,0.2797999999999945,0
31.0,19.0,16.0,26.0,0.543859649122807,99.7796,-0.3926000000000016,1
36.0,4.0,19.0,21.0,0.631578947368421,99.8918,0.1261999999999972,0
37.0,5.0,19.0,20.0,0.6491228070175439,99.5564,-0.9504000000000019,0
38.0,6.0,19.0,19.0,0.6666666666666666,99.22200000000001,-1.1580000000000155,0
39.0,7.0,19.0,18.0,0.6842105263157895,98.8808,-0.5518000000000001,0
40.0,8.0,19.0,17.0,0.7017543859649122,98.67839999999998,-0.30339999999998213,0
41.0,9.0,19.0,16.0,0.7192982456140351,98.4058,0.24920000000000186,0
42.0,10.0,19.0,15.0,0.7368421052631579,98.39200000000001,0.14499999999999602,0
43.0,11.0,19.0,14.0,0.7543859649122807,98.55839999999999,0.337600000000009,0
44.0,12.0,18.0,13.0,0.7719298245614035,98.94359999999999,1.3114000000000061,0
45.0,13.0,18.0,12.0,0.7894736842105263,98.9246,-0.644599999999997,0
46.0,14.0,18.0,11.0,0.8070175438596491,98.85260000000001,-0.5576000000000079,0
47.0,15.0,18.0,10.0,0.8245614035087719,98.81559999999999,-0.46359999999998536,0
48.0,16.0,18.0,9.0,0.8421052631578947,98.71900000000001,-0.3060000000000116,0
49.0,17.0,18.0,8.0,0.8596491228070176,98.3976,0.25039999999999907,0
50.0,18.0,18.0,7.0,0.8771929824561403,98.4866,0.2383999999999986,0
51.0,19.0,18.0,6.0,0.8947368421052632,98.553,0.07399999999999807,0
52.0,20.0,18.0,5.0,0.9122807017543859,98.6214,0.07260000000000844,0
53.0,21.0,18.0,4.0,0.9298245614035088,98.69800000000001,0.09799999999999898,0
54.0,22.0,18.0,3.0,0.9473684210526315,98.7352,0.09879999999999711,0
55.0,23.0,18.0,2.0,0.9649122807017544,98.803,0.2609999999999957,0
56.0,24.0,18.0,1.0,0.9824561403508771,98.8826,0.14240000000000919,0
2.0,5.0,10.0,55.0,0.03508771929824561,98.959,0.0,0
3.0,6.0,10.0,54.0,0.05263157894736842,98.762,-0.19700000000000273,0
4.0,7.0,10.0,53.0,0.07017543859649122,98.71199999999999,-0.09999999999999432,0
5.0,8.0,10.0,52.0,0.08771929824561403,98.8765,0.4935000000000116,0
6.0,9.0,10.0,51.0,0.10526315789473684,98.9502,0.2948000000000093,0
7.0,10.0,10.0,50.0,0.12280701754385964,99.0316,0.33440000000000225,0
8.0,11.0,10.0,49.0,0.14035087719298245,99.2558,0.43020000000001346,0
10.0,13.0,9.0,47.0,0.17543859649122806,99.47080000000001,0.2161999999999864,1
13.0,2.0,18.0,44.0,0.22807017543859648,99.19860000000001,-1.1896000000000129,0
14.0,3.0,16.0,43.0,0.24561403508771928,98.96580000000002,-0.8848000000000127,0
15.0,4.0,13.0,42.0,0.2631578947368421,98.7572,-0.43420000000000414,0
16.0,5.0,13.0,41.0,0.2807017543859649,98.51820000000001,-0.027200000000007662,0
17.0,6.0,11.0,40.0,0.2982456140350877,98.3124,0.34560000000000457,0
18.0,7.0,10.0,39.0,0.3157894736842105,98.4176,0.1174000000000035,0
19.0,8.0,11.0,38.0,0.3333333333333333,98.58419999999998,0.3298000000000201,0
20.0,9.0,11.0,37.0,0.3508771929824561,98.5898,-0.23879999999999768,0
21.0,10.0,11.0,36.0,0.3684210526315789,98.6276,0.052400000000005775,0
22.0,11.0,11.0,35.0,0.38596491228070173,98.6386,0.07439999999999714,0
23.0,12.0,11.0,34.0,0.40350877192982454,98.70920000000001,0.1787999999999954,0
24.0,13.0,11.0,33.0,0.42105263157894735,98.7326,0.2984000000000009,0
25.0,14.0,11.0,32.0,0.43859649122807015,98.8758,0.19119999999999493,0
26.0,15.0,10.0,31.0,0.45614035087719296,99.0132,0.3538000000000068,0
27.0,16.0,10.0,30.0,0.47368421052631576,99.17620000000001,0.3517999999999972,0
28.0,17.0,7.0,29.0,0.49122807017543857,99.27600000000001,0.11099999999999,0
29.0,18.0,6.0,28.0,0.5087719298245614,99.21180000000001,-0.5018000000000171,0
30.0,19.0,7.0,27.0,0.5263157894736842,99.54920000000001,1.2047999999999917,0
31.0,20.0,7.0,26.0,0.543859649122807,99.7712,0.7058000000000106,1
36.0,7.0,10.0,21.0,0.631578947368421,99.514,-1.2719999999999914,0
37.0,8.0,10.0,20.0,0.6491228070175439,99.1646,-1.5245999999999924,0
38.0,9.0,10.0,19.0,0.6666666666666666,99.08840000000001,-0.7594000000000136,0
39.0,10.0,10.0,18.0,0.6842105263157895,98.50039999999998,-0.6863999999999919,0
40.0,11.0,10.0,17.0,0.7017543859649122,97.8656,-0.5626000000000033,0
41.0,12.0,10.0,16.0,0.7192982456140351,97.7162,-0.22119999999999607,0
42.0,13.0,10.0,15.0,0.7368421052631579,97.7096,-0.10259999999999536,0
43.0,14.0,10.0,14.0,0.7543859649122807,97.5892,0.1377999999999986,0
44.0,15.0,10.0,13.0,0.7719298245614035,97.59400000000001,0.24399999999998556,0
45.0,16.0,9.0,12.0,0.7894736842105263,97.57840000000002,-0.3534000000000219,0
46.0,17.0,9.0,11.0,0.8070175438596491,97.62660000000001,0.10939999999999372,0
47.0,18.0,9.0,10.0,0.8245614035087719,97.6344,0.011600000000001387,0
48.0,19.0,9.0,9.0,0.8421052631578947,97.6318,0.08220000000000027,0
49.0,20.0,9.0,8.0,0.8596491228070176,97.6304,0.20060000000000855,0
51.0,22.0,9.0,6.0,0.8947368421052632,97.84,0.4329999999999927,0
53.0,24.0,9.0,4.0,0.9298245614035088,97.9726,0.426400000000001,0
54.0,25.0,9.0,3.0,0.9473684210526315,98.14859999999999,0.3774000000000086,0
55.0,26.0,9.0,2.0,0.9649122807017544,98.31360000000001,0.22539999999999338,0
56.0,27.0,9.0,1.0,0.9824561403508771,98.46520000000001,0.12379999999998859,0
57.0,28.0,9.0,0.0,1.0,98.58279999999999,0.27820000000001244,0
2.0,5.0,8.0,55.0,0.03508771929824561,98.403,0.0,0
3.0,6.0,8.0,54.0,0.05263157894736842,98.439,0.036000000000001364,0
4.0,7.0,8.0,53.0,0.07017543859649122,98.47566666666667,0.07333333333333769,0
5.0,8.0,7.0,52.0,0.08771929824561403,98.54675,0.21325000000000216,0
6.0,9.0,7.0,51.0,0.10526315789473684,98.55600000000001,0.03699999999999193,0
7.0,10.0,7.0,50.0,0.12280701754385964,98.6612,0.26780000000000825,0
8.0,11.0,7.0,49.0,0.14035087719298245,98.8432,0.5418000000000092,0
9.0,12.0,7.0,48.0,0.15789473684210525,99.06739999999999,0.6026000000000096,1
12.0,2.0,16.0,45.0,0.21052631578947367,98.7562,-1.5522000000000133,0
13.0,3.0,13.0,44.0,0.22807017543859648,98.703,-0.3760000000000048,0
14.0,4.0,12.0,43.0,0.24561403508771928,98.5346,-0.4475999999999942,0
15.0,5.0,10.0,42.0,0.2631578947368421,98.31500000000001,-0.028000000000005798,0
16.0,6.0,9.0,41.0,0.2807017543859649,98.2416,1.061399999999992,0
17.0,7.0,8.0,40.0,0.2982456140350877,98.48240000000001,-0.07440000000001135,0
18.0,8.0,7.0,39.0,0.3157894736842105,98.5276,0.02539999999999054,0
19.0,9.0,7.0,38.0,0.3333333333333333,98.6132,-0.09820000000000562,0
20.0,10.0,8.0,37.0,0.3508771929824561,99.0412,1.3858000000000033,0
21.0,11.0,8.0,36.0,0.3684210526315789,98.9702,-0.02220000000001221,0
22.0,12.0,9.0,35.0,0.38596491228070173,99.3038,0.772199999999998,0
23.0,13.0,9.0,34.0,0.40350877192982454,99.2798,-0.8467999999999876,0
24.0,14.0,9.0,33.0,0.42105263157894735,99.351,-0.480000000000004,0
25.0,15.0,9.0,32.0,0.43859649122807015,99.16399999999999,0.32800000000001717,1
28.0,2.0,17.0,29.0,0.49122807017543857,98.7924,-1.7023999999999972,0
29.0,3.0,14.0,28.0,0.5087719298245614,98.0106,-1.843599999999995,0
30.0,4.0,14.0,27.0,0.5263157894736842,97.6628,-0.9688000000000017,0
31.0,5.0,14.0,26.0,0.543859649122807,97.4966,0.5434000000000054,0
36.0,10.0,8.0,21.0,0.631578947368421,97.3226,1.2994000000000057,0
37.0,11.0,8.0,20.0,0.6491228070175439,97.3736,-0.028599999999997294,0
38.0,12.0,7.0,19.0,0.6666666666666666,97.37440000000001,-1.203400000000002,0
39.0,13.0,7.0,18.0,0.6842105263157895,97.3696,-0.6996000000000038,0
40.0,14.0,7.0,17.0,0.7017543859649122,97.1734,-0.11440000000000339,0
41.0,15.0,7.0,16.0,0.7192982456140351,96.8334,0.08859999999999957,0
42.0,16.0,7.0,15.0,0.7368421052631579,96.797,0.36599999999999966,0
43.0,17.0,7.0,14.0,0.7543859649122807,96.98179999999999,0.11320000000000618,0
44.0,18.0,7.0,13.0,0.7719298245614035,97.05539999999999,-0.017399999999994975,0
46.0,20.0,7.0,11.0,0.8070175438596491,97.1138,0.2372000000000014,0
47.0,21.0,7.0,10.0,0.8245614035087719,97.20320000000001,0.16579999999999018,0
49.0,23.0,7.0,8.0,0.8596491228070176,97.2946,0.3254000000000019,0
50.0,24.0,7.0,7.0,0.8771929824561403,97.4124,0.2715999999999923,0
51.0,25.0,7.0,6.0,0.8947368421052632,97.61980000000001,0.4551999999999907,0
52.0,26.0,7.0,5.0,0.9122807017543859,97.76259999999999,0.3024000000000058,0
53.0,27.0,7.0,4.0,0.9298245614035088,97.9758,0.4591999999999956,0
54.0,28.0,7.0,3.0,0.9473684210526315,98.1314,0.26659999999999684,0
56.0,30.0,7.0,1.0,0.9824561403508771,98.1978,-0.18179999999999552,0
57.0,31.0,6.0,0.0,1.0,98.11519999999999,-0.4531999999999812,0
